{
  "loss": [
    347662.90625,
    346105.28125,
    343454.5625,
    341088.34375,
    339227.6875,
    342671.6875,
    334491.8125,
    306762.59375,
    291187.9375,
    279157.71875,
    247700.75,
    225228.078125,
    186639.921875,
    167239.21875,
    137213.453125,
    118299.4375,
    106931.453125,
    88335.296875,
    48090.70703125,
    44606.546875,
    30750.078125,
    52714.73828125,
    63107.29296875,
    46146.1015625,
    83371.171875,
    41802.1796875,
    25623.19921875,
    24475.12890625,
    24612.66015625,
    25868.375,
    22830.369140625,
    25806.63671875,
    28030.39453125,
    34860.63671875,
    29520.01171875,
    25041.099609375,
    76894.078125,
    28710.92578125,
    24599.73046875,
    29159.25390625,
    18457.484375,
    17323.67578125,
    18228.17578125,
    22494.943359375,
    30297.03125,
    40297.640625,
    23761.259765625,
    24596.8203125,
    18872.283203125,
    18337.91796875,
    24222.173828125,
    38105.50390625,
    27433.90625,
    51887.7421875,
    39752.67578125,
    49925.0625,
    25755.5390625,
    41066.81640625,
    29297.009765625,
    40324.24609375
  ],
  "mae": [
    586.08154296875,
    584.732666015625,
    582.3587036132812,
    579.1727294921875,
    572.6207885742188,
    566.0634765625,
    558.68408203125,
    544.2816162109375,
    530.290283203125,
    513.186279296875,
    480.5856018066406,
    453.438232421875,
    409.1156005859375,
    368.4990539550781,
    335.98284912109375,
    298.9761962890625,
    280.6999206542969,
    242.3812255859375,
    184.39202880859375,
    171.93099975585938,
    142.50381469726562,
    172.38345336914062,
    188.6937255859375,
    160.67535400390625,
    211.2998809814453,
    154.16567993164062,
    124.34576416015625,
    119.04475402832031,
    121.8905258178711,
    119.39730072021484,
    115.96092224121094,
    123.23210144042969,
    129.55751037597656,
    141.37689208984375,
    131.20285034179688,
    120.48103332519531,
    206.9959259033203,
    127.2820053100586,
    118.28340148925781,
    127.72450256347656,
    107.7926025390625,
    99.92688751220703,
    104.28726959228516,
    113.0833740234375,
    126.30427551269531,
    151.17379760742188,
    119.54869079589844,
    120.2285385131836,
    104.26009368896484,
    103.6321029663086,
    117.64707946777344,
    149.34910583496094,
    126.8641357421875,
    167.30892944335938,
    145.6647491455078,
    166.50750732421875,
    123.3230972290039,
    150.99349975585938,
    131.00965881347656,
    150.77825927734375
  ],
  "val_loss": [
    351677.09375,
    349490.90625,
    346452.8125,
    342565.78125,
    340498.9375,
    338139.15625,
    318911.84375,
    297824.4375,
    275937.34375,
    247269.84375,
    227828.078125,
    194812.578125,
    154343.703125,
    125947.140625,
    96009.796875,
    77185.1953125,
    88148.6640625,
    73186.7578125,
    31753.603515625,
    26201.67578125,
    14219.859375,
    183633.15625,
    25473.884765625,
    120081.9375,
    18594.71484375,
    26001.84765625,
    9984.48828125,
    12371.482421875,
    15996.541015625,
    9535.0224609375,
    15535.375,
    8783.671875,
    8118.97802734375,
    11237.484375,
    7938.24365234375,
    10096.0625,
    23203.080078125,
    11486.673828125,
    30083.943359375,
    5185.76025390625,
    12514.78125,
    20053.01953125,
    5875.150390625,
    17488.005859375,
    29189.380859375,
    31854.068359375,
    4916.8583984375,
    24585.025390625,
    14246.203125,
    4439.17626953125,
    6036.39208984375,
    5037.2861328125,
    13766.5498046875,
    30427.44140625,
    20350.0859375,
    6591.0908203125,
    4916.2939453125,
    5597.04931640625,
    15404.783203125,
    6488.41748046875
  ],
  "val_mae": [
    590.065673828125,
    588.1600341796875,
    585.2728271484375,
    579.9286499023438,
    572.2996826171875,
    563.5806884765625,
    555.649658203125,
    542.6302490234375,
    519.8245239257812,
    492.847412109375,
    464.00213623046875,
    427.17401123046875,
    385.91375732421875,
    344.2111511230469,
    301.58563232421875,
    256.37408447265625,
    249.5986328125,
    223.953125,
    152.17098999023438,
    134.74488830566406,
    93.39080047607422,
    346.11761474609375,
    120.119873046875,
    271.75714111328125,
    99.14988708496094,
    116.20146179199219,
    66.09275817871094,
    71.34425354003906,
    89.91304016113281,
    62.400047302246094,
    87.06556701660156,
    62.94169998168945,
    62.56770706176758,
    74.30402374267578,
    66.3328628540039,
    73.15800476074219,
    120.02054595947266,
    80.21588134765625,
    134.92193603515625,
    50.42453384399414,
    83.10184478759766,
    109.17398834228516,
    51.31989669799805,
    100.37660217285156,
    134.30447387695312,
    141.318115234375,
    47.6308708190918,
    123.80403900146484,
    90.68802642822266,
    45.46901321411133,
    52.709007263183594,
    48.479888916015625,
    82.19248962402344,
    134.0420379638672,
    110.7399673461914,
    57.402099609375,
    49.168922424316406,
    48.2425422668457,
    92.38059997558594,
    54.19865798950195
  ]
}