model,display_name,rmse,mae,r2,explained_variance,mape
linear_regression,Linear Regression,29.71369908898498,21.44702919136132,0.7775674061457629,0.7787491382618263,3.7201835688871254
decision_tree,Decision Tree,36.70724885911288,27.684358213138268,0.6605399610281524,0.662393811288274,4.734059119270038
random_forest,Random Forest,29.772730526385907,21.724394364817027,0.7766827260708479,0.7785672941007941,3.754108256814143
xgboost,XGBoost,29.536155700683594,21.4436092376709,0.7802175879478455,0.7822804430595343,3.716866672039032
mlp,MLP (Neural Net),73.96279907226562,49.43544006347656,-0.3781980276107788,-0.3551405902109437,8.668668568134308
